Accuracy,Precision,Recall,F1-score
0.8525641025641025,0.8117154811715481,0.9948717948717949,0.8940092165898618
