Metric,Value
Accuracy,0.9214743589743589
Precision,0.9088729016786571
Recall,0.9717948717948718
F1,0.9392812887236679
ROC AUC,0.9814486083716853
